"","Year","Team","final_round","Round_Reached"
"1",2023,"Houston",3,"Sweet Sixteen"
"2",2023,"Alabama",3,"Sweet Sixteen"
"3",2023,"Texas",4,"Elite Eight"
"4",2023,"Purdue",1,"First Round"
"5",2023,"Kansas",2,"Second Round"
"6",2023,"Gonzaga",4,"Elite Eight"
"7",2023,"Arizona",1,"First Round"
"8",2023,"UCLA",3,"Sweet Sixteen"
"9",2023,"UCONN",6,"Championship Game"
"10",2023,"Marquette",2,"Second Round"
"11",2023,"Baylor",2,"Second Round"
"12",2023,"Creighton",4,"Elite Eight"
"13",2023,"Duke",2,"Second Round"
"14",2023,"Tennessee",3,"Sweet Sixteen"
"15",2023,"Kentucky",2,"Second Round"
"16",2023,"Indiana",2,"Second Round"
"17",2023,"Texas A&M",1,"First Round"
"18",2023,"TCU",2,"Second Round"
"19",2023,"Iowa State",1,"First Round"
"20",2023,"SDSU",6,"Championship Game"
"21",2023,"Xavier",3,"Sweet Sixteen"
"22",2023,"Auburn",2,"Second Round"
"23",2023,"Memphis",1,"First Round"
"24",2023,"Kansas State",4,"Elite Eight"
"25",2023,"St. Mary's",2,"Second Round"
"26",2023,"Arkansas",3,"Sweet Sixteen"
"27",2023,"Virginia",1,"First Round"
"28",2023,"Michigan St.",3,"Sweet Sixteen"
"29",2023,"Maryland",2,"Second Round"
"30",2023,"Miami",5,"Final Four"
"31",2023,"Utah State",1,"First Round"
"32",2023,"Boise State",1,"First Round"
"33",2023,"Missouri",2,"Second Round"
"34",2023,"Fla. Atlantic",5,"Final Four"
"35",2022,"Gonzaga",3,"Sweet Sixteen"
"36",2022,"Kansas",6,"Championship Game"
"37",2022,"Kentucky",1,"First Round"
"38",2022,"Arizona",3,"Sweet Sixteen"
"39",2022,"Auburn",2,"Second Round"
"40",2022,"Villanova",5,"Final Four"
"41",2022,"Iowa",1,"First Round"
"42",2022,"Houston",4,"Elite Eight"
"43",2022,"Purdue",3,"Sweet Sixteen"
"44",2022,"Tennessee",2,"Second Round"
"45",2022,"UCLA",3,"Sweet Sixteen"
"46",2022,"Duke",5,"Final Four"
"47",2022,"Texas Tech",3,"Sweet Sixteen"
"48",2022,"Baylor",2,"Second Round"
"49",2022,"Illinois",2,"Second Round"
"50",2022,"LSU",1,"First Round"
"51",2022,"Arkansas",4,"Elite Eight"
"52",2022,"Wisconsin",2,"Second Round"
"53",2022,"Texas",2,"Second Round"
"54",2022,"UCONN",1,"First Round"
"55",2022,"Alabama",1,"First Round"
"56",2022,"Michigan",3,"Sweet Sixteen"
"57",2022,"UNC",6,"Championship Game"
"58",2022,"Ohio State",2,"Second Round"
"59",2022,"Memphis",2,"Second Round"
"60",2022,"St. Mary's",2,"Second Round"
"61",2022,"Providence",3,"Sweet Sixteen"
"62",2022,"SDSU",1,"First Round"
"63",2022,"Michigan St.",2,"Second Round"
"64",2022,"TCU",2,"Second Round"
"65",2022,"USC",1,"First Round"
"66",2022,"Murray St.",2,"Second Round"
"67",2022,"Miami",4,"Elite Eight"
"68",2021,"Gonzaga",6,"Championship Game"
"69",2021,"Illinois",2,"Second Round"
"70",2021,"Baylor",6,"Championship Game"
"71",2021,"Iowa",2,"Second Round"
"72",2021,"Houston",5,"Final Four"
"73",2021,"Ohio State",1,"First Round"
"74",2021,"Alabama",3,"Sweet Sixteen"
"75",2021,"Michigan",4,"Elite Eight"
"76",2021,"Virginia",1,"First Round"
"77",2021,"Kansas",2,"Second Round"
"78",2021,"Texas",1,"First Round"
"79",2021,"Florida State",3,"Sweet Sixteen"
"80",2021,"W. Virginia",2,"Second Round"
"81",2021,"Wisconsin",2,"Second Round"
"82",2021,"Purdue",1,"First Round"
"83",2021,"Texas Tech",2,"Second Round"
"84",2021,"Creighton",3,"Sweet Sixteen"
"85",2021,"Arkansas",4,"Elite Eight"
"86",2021,"Colorado",2,"Second Round"
"87",2021,"USC",4,"Elite Eight"
"88",2021,"Tennessee",1,"First Round"
"89",2021,"SDSU",1,"First Round"
"90",2021,"UCONN",1,"First Round"
"91",2021,"LSU",2,"Second Round"
"92",2021,"Okla. State",2,"Second Round"
"93",2021,"BYU",1,"First Round"
"94",2021,"Villanova",3,"Sweet Sixteen"
"95",2021,"Loyola Chicago",3,"Sweet Sixteen"
"96",2021,"Oregon",3,"Sweet Sixteen"
"97",2021,"Rutgers",2,"Second Round"
"98",2021,"Florida",2,"Second Round"
"99",2021,"Missouri",1,"First Round"
"100",2021,"UCLA",5,"Final Four"
"101",2019,"Duke",4,"Elite Eight"
"102",2019,"Virginia",6,"Championship Game"
"103",2019,"Gonzaga",4,"Elite Eight"
"104",2019,"UNC",3,"Sweet Sixteen"
"105",2019,"Michigan St.",5,"Final Four"
"106",2019,"Kentucky",4,"Elite Eight"
"107",2019,"Tennessee",3,"Sweet Sixteen"
"108",2019,"Michigan",3,"Sweet Sixteen"
"109",2019,"Texas Tech",6,"Championship Game"
"110",2019,"Purdue",4,"Elite Eight"
"111",2019,"Virginia Tech",3,"Sweet Sixteen"
"112",2019,"Auburn",5,"Final Four"
"113",2019,"Houston",3,"Sweet Sixteen"
"114",2019,"Florida State",3,"Sweet Sixteen"
"115",2019,"Kansas",2,"Second Round"
"116",2019,"Iowa State",1,"First Round"
"117",2019,"Wisconsin",1,"First Round"
"118",2019,"Villanova",2,"Second Round"
"119",2019,"Kansas State",1,"First Round"
"120",2019,"LSU",3,"Sweet Sixteen"
"121",2019,"Cincinnati",1,"First Round"
"122",2019,"Louisville",1,"First Round"
"123",2019,"Nevada",1,"First Round"
"124",2019,"Maryland",2,"Second Round"
"125",2019,"Buffalo",2,"Second Round"
"126",2019,"Miss. State",1,"First Round"
"127",2019,"Marquette",1,"First Round"
"128",2019,"Wofford",2,"Second Round"
"129",2019,"Syracuse",1,"First Round"
"130",2019,"Oklahoma",2,"Second Round"
"131",2019,"Utah State",1,"First Round"
"132",2019,"VCU",1,"First Round"
"133",2019,"Oregon",3,"Sweet Sixteen"
"134",2018,"Villanova",6,"Championship Game"
"135",2018,"Virginia",1,"First Round"
"136",2018,"Duke",4,"Elite Eight"
"137",2018,"Kansas",5,"Final Four"
"138",2018,"Michigan St.",2,"Second Round"
"139",2018,"Cincinnati",2,"Second Round"
"140",2018,"Purdue",3,"Sweet Sixteen"
"141",2018,"UNC",2,"Second Round"
"142",2018,"Gonzaga",3,"Sweet Sixteen"
"143",2018,"Xavier",2,"Second Round"
"144",2018,"Michigan",6,"Championship Game"
"145",2018,"Kentucky",3,"Sweet Sixteen"
"146",2018,"Tennessee",2,"Second Round"
"147",2018,"W. Virginia",3,"Sweet Sixteen"
"148",2018,"Wichita St.",1,"First Round"
"149",2018,"Arizona",1,"First Round"
"150",2018,"Houston",2,"Second Round"
"151",2018,"Texas Tech",4,"Elite Eight"
"152",2018,"Florida",2,"Second Round"
"153",2018,"Ohio State",2,"Second Round"
"154",2018,"TCU",1,"First Round"
"155",2018,"Seton Hall",2,"Second Round"
"156",2018,"Auburn",2,"Second Round"
"157",2018,"Butler",2,"Second Round"
"158",2018,"Clemson",3,"Sweet Sixteen"
"159",2018,"Texas A&M",3,"Sweet Sixteen"
"160",2018,"Miami",1,"First Round"
"161",2018,"Florida State",4,"Elite Eight"
"162",2018,"Texas",1,"First Round"
"163",2018,"Creighton",1,"First Round"
"164",2018,"Virginia Tech",1,"First Round"
"165",2018,"Rhode Island",2,"Second Round"
"166",2018,"Kansas State",4,"Elite Eight"
"167",2018,"Nevada",3,"Sweet Sixteen"
"168",2017,"Villanova",2,"Second Round"
"169",2017,"Gonzaga",6,"Championship Game"
"170",2017,"Kansas",4,"Elite Eight"
"171",2017,"Kentucky",4,"Elite Eight"
"172",2017,"UNC",6,"Championship Game"
"173",2017,"Duke",2,"Second Round"
"174",2017,"Louisville",2,"Second Round"
"175",2017,"Arizona",3,"Sweet Sixteen"
"176",2017,"W. Virginia",3,"Sweet Sixteen"
"177",2017,"Virginia",2,"Second Round"
"178",2017,"UCLA",3,"Sweet Sixteen"
"179",2017,"St. Mary's",2,"Second Round"
"180",2017,"Purdue",3,"Sweet Sixteen"
"181",2017,"Wichita St.",2,"Second Round"
"182",2017,"SMU",1,"First Round"
"183",2017,"Iowa State",2,"Second Round"
"184",2017,"Baylor",3,"Sweet Sixteen"
"185",2017,"Oregon",5,"Final Four"
"186",2017,"Butler",3,"Sweet Sixteen"
"187",2017,"Florida",4,"Elite Eight"
"188",2017,"Florida State",2,"Second Round"
"189",2017,"Cincinnati",2,"Second Round"
"190",2017,"Wisconsin",3,"Sweet Sixteen"
"191",2017,"Michigan",3,"Sweet Sixteen"
"192",2017,"Notre Dame",2,"Second Round"
"193",2017,"Creighton",1,"First Round"
"194",2017,"Miami",1,"First Round"
"195",2017,"Arkansas",2,"Second Round"
"196",2017,"Vanderbilt",1,"First Round"
"197",2017,"S. Carolina",5,"Final Four"
"198",2017,"Maryland",1,"First Round"
"199",2017,"Minnesota",1,"First Round"
"200",2016,"Kansas",4,"Elite Eight"
"201",2016,"UNC",6,"Championship Game"
"202",2016,"Virginia",4,"Elite Eight"
"203",2016,"Oregon",4,"Elite Eight"
"204",2016,"Villanova",6,"Championship Game"
"205",2016,"Oklahoma",5,"Final Four"
"206",2016,"Michigan St.",1,"First Round"
"207",2016,"Xavier",2,"Second Round"
"208",2016,"Kentucky",2,"Second Round"
"209",2016,"Texas A&M",3,"Sweet Sixteen"
"210",2016,"Indiana",3,"Sweet Sixteen"
"211",2016,"Utah",2,"Second Round"
"212",2016,"Miami",3,"Sweet Sixteen"
"213",2016,"W. Virginia",1,"First Round"
"214",2016,"Duke",3,"Sweet Sixteen"
"215",2016,"Purdue",1,"First Round"
"216",2016,"Iowa State",3,"Sweet Sixteen"
"217",2016,"California",1,"First Round"
"218",2016,"Maryland",3,"Sweet Sixteen"
"219",2016,"VCU",2,"Second Round"
"220",2016,"Iowa",2,"Second Round"
"221",2016,"Texas",1,"First Round"
"222",2016,"Butler",2,"Second Round"
"223",2016,"Notre Dame",4,"Elite Eight"
"224",2016,"UCONN",2,"Second Round"
"225",2016,"Wisconsin",3,"Sweet Sixteen"
"226",2016,"Providence",2,"Second Round"
"227",2016,"Baylor",1,"First Round"
"228",2016,"Cincinnati",1,"First Round"
"229",2016,"Gonzaga",3,"Sweet Sixteen"
"230",2016,"Dayton",1,"First Round"
"231",2016,"Wichita St.",2,"Second Round"
"232",2016,"Syracuse",5,"Final Four"
"233",2015,"Kentucky",5,"Final Four"
"234",2015,"Villanova",2,"Second Round"
"235",2015,"Wisconsin",6,"Championship Game"
"236",2015,"Arizona",4,"Elite Eight"
"237",2015,"Virginia",2,"Second Round"
"238",2015,"Duke",6,"Championship Game"
"239",2015,"Gonzaga",4,"Elite Eight"
"240",2015,"Iowa State",1,"First Round"
"241",2015,"Kansas",2,"Second Round"
"242",2015,"Notre Dame",4,"Elite Eight"
"243",2015,"Utah",3,"Sweet Sixteen"
"244",2015,"UNC",3,"Sweet Sixteen"
"245",2015,"Oklahoma",3,"Sweet Sixteen"
"246",2015,"Michigan St.",5,"Final Four"
"247",2015,"Wichita St.",3,"Sweet Sixteen"
"248",2015,"Louisville",4,"Elite Eight"
"249",2015,"Baylor",1,"First Round"
"250",2015,"Ohio State",2,"Second Round"
"251",2015,"Northern Iowa",2,"Second Round"
"252",2015,"W. Virginia",3,"Sweet Sixteen"
"253",2015,"SMU",1,"First Round"
"254",2015,"Texas",1,"First Round"
"255",2015,"Georgetown",2,"Second Round"
"256",2015,"Maryland",2,"Second Round"
"257",2015,"Iowa",2,"Second Round"
"258",2015,"Arkansas",2,"Second Round"
"259",2015,"Providence",1,"First Round"
"260",2015,"NC State",3,"Sweet Sixteen"
"261",2015,"Xavier",3,"Sweet Sixteen"
"262",2015,"Cincinnati",2,"Second Round"
"263",2015,"SDSU",2,"Second Round"
"264",2015,"Okla. State",1,"First Round"
"265",2015,"UCLA",3,"Sweet Sixteen"
"266",2014,"Louisville",3,"Sweet Sixteen"
"267",2014,"Florida",5,"Final Four"
"268",2014,"Arizona",4,"Elite Eight"
"269",2014,"Kansas",2,"Second Round"
"270",2014,"Virginia",3,"Sweet Sixteen"
"271",2014,"Michigan St.",4,"Elite Eight"
"272",2014,"Duke",1,"First Round"
"273",2014,"Wichita St.",2,"Second Round"
"274",2014,"Villanova",2,"Second Round"
"275",2014,"Wisconsin",5,"Final Four"
"276",2014,"Michigan",4,"Elite Eight"
"277",2014,"Creighton",2,"Second Round"
"278",2014,"Kentucky",6,"Championship Game"
"279",2014,"Ohio State",1,"First Round"
"280",2014,"UCLA",3,"Sweet Sixteen"
"281",2014,"Syracuse",2,"Second Round"
"282",2014,"Iowa State",3,"Sweet Sixteen"
"283",2014,"Okla. State",1,"First Round"
"284",2014,"UNC",2,"Second Round"
"285",2014,"Baylor",3,"Sweet Sixteen"
"286",2014,"VCU",1,"First Round"
"287",2014,"SDSU",3,"Sweet Sixteen"
"288",2014,"UCONN",6,"Championship Game"
"289",2014,"New Mexico",1,"First Round"
"290",2014,"Oklahoma",1,"First Round"
"291",2014,"Pittsburgh",2,"Second Round"
"292",2014,"Cincinnati",1,"First Round"
"293",2014,"Oregon",2,"Second Round"
"294",2014,"Memphis",2,"Second Round"
"295",2014,"St. Louis",2,"Second Round"
"296",2014,"Texas",2,"Second Round"
"297",2014,"Tennessee",3,"Sweet Sixteen"
"298",2014,"Dayton",4,"Elite Eight"
"299",2013,"Louisville",6,"Championship Game"
"300",2013,"Duke",4,"Elite Eight"
"301",2013,"Michigan St.",3,"Sweet Sixteen"
"302",2013,"St. Louis",2,"Second Round"
"303",2013,"Okla. State",1,"First Round"
"304",2013,"Memphis",2,"Second Round"
"305",2013,"Creighton",2,"Second Round"
"306",2013,"Missouri",1,"First Round"
"307",2013,"Gonzaga",2,"Second Round"
"308",2013,"Ohio State",4,"Elite Eight"
"309",2013,"New Mexico",1,"First Round"
"310",2013,"Kansas State",1,"First Round"
"311",2013,"Wisconsin",1,"First Round"
"312",2013,"Arizona",3,"Sweet Sixteen"
"313",2013,"Notre Dame",1,"First Round"
"314",2013,"Pittsburgh",1,"First Round"
"315",2013,"Indiana",3,"Sweet Sixteen"
"316",2013,"Miami",3,"Sweet Sixteen"
"317",2013,"Marquette",4,"Elite Eight"
"318",2013,"Syracuse",5,"Final Four"
"319",2013,"UNLV",1,"First Round"
"320",2013,"Butler",2,"Second Round"
"321",2013,"Illinois",2,"Second Round"
"322",2013,"NC State",1,"First Round"
"323",2013,"Kansas",3,"Sweet Sixteen"
"324",2013,"Georgetown",1,"First Round"
"325",2013,"Florida",4,"Elite Eight"
"326",2013,"Michigan",6,"Championship Game"
"327",2013,"VCU",2,"Second Round"
"328",2013,"UCLA",1,"First Round"
"329",2013,"SDSU",2,"Second Round"
"330",2013,"UNC",2,"Second Round"
"331",2013,"Ole Miss",2,"Second Round"
"332",2013,"Wichita St.",5,"Final Four"
"333",2023,"Northen Kentucky",1,"First Round"
"334",2023,"A&M-Corpus Christi",1,"First Round"
"335",2023,"Colgate",1,"First Round"
"336",2023,"FDU",2,"Second Round"
"337",2023,"Howard",1,"First Round"
"338",2023,"Grand Canyon",1,"First Round"
"339",2023,"Princeton",3,"Sweet Sixteen"
"340",2023,"UNC Asheville",1,"First Round"
"341",2023,"Iona",1,"First Round"
"342",2023,"Vermont",1,"First Round"
"343",2023,"UC Santa Barbara",1,"First Round"
"344",2023,"NC State",1,"First Round"
"345",2023,"Oral Roberts",1,"First Round"
"346",2023,"Louisiana",1,"First Round"
"347",2023,"Providence",1,"First Round"
"348",2023,"Kent St.",1,"First Round"
"349",2023,"Penn St.",2,"Second Round"
"350",2023,"Arizona St.",1,"First Round"
"351",2023,"Pittsburgh",2,"Second Round"
"352",2023,"Col. Of Charleston",1,"First Round"
"353",2023,"Kennesaw St.",1,"First Round"
"354",2023,"Iowa",1,"First Round"
"355",2023,"Montana St.",1,"First Round"
"356",2023,"VCU",1,"First Round"
"357",2023,"Illinois",1,"First Round"
"358",2023,"Furman",2,"Second Round"
"359",2023,"USC",1,"First Round"
"360",2023,"W. Virginia",1,"First Round"
"361",2023,"Drake",1,"First Round"
"362",2023,"Northwestern",2,"Second Round"
"363",2022,"Georgia St.",1,"First Round"
"364",2022,"Texas Southern",1,"First Round"
"365",2022,"Saint Peter's",4,"Elite Eight"
"366",2022,"Wright St.",1,"First Round"
"367",2022,"Jacksonville St.",1,"First Round"
"368",2022,"Delaware",1,"First Round"
"369",2022,"Richmond",2,"Second Round"
"370",2022,"UAB",1,"First Round"
"371",2022,"Yale",1,"First Round"
"372",2022,"Longwood",1,"First Round"
"373",2022,"Akron",1,"First Round"
"374",2022,"Cal State Fullerton",1,"First Round"
"375",2022,"Montana St.",1,"First Round"
"376",2022,"Norfolk St.",1,"First Round"
"377",2022,"Chattanooga",1,"First Round"
"378",2022,"Iowa State",3,"Sweet Sixteen"
"379",2022,"Vermont",1,"First Round"
"380",2022,"Colgate",1,"First Round"
"381",2022,"Virginia Tech",1,"First Round"
"382",2022,"New Mexico St.",2,"Second Round"
"383",2022,"Notre Dame",2,"Second Round"
"384",2022,"Colorado St.",1,"First Round"
"385",2022,"Marquette",1,"First Round"
"386",2022,"Loyola Chicago",1,"First Round"
"387",2022,"Boise St.",1,"First Round"
"388",2022,"Indiana",1,"First Round"
"389",2022,"South Dakota St.",1,"First Round"
"390",2022,"Creighton",2,"Second Round"
"391",2022,"Davidson",1,"First Round"
"392",2022,"Seton Hall",1,"First Round"
"393",2022,"San Francisco",1,"First Round"
"394",2021,"Norfolk St.",1,"First Round"
"395",2021,"Drexel",1,"First Round"
"396",2021,"Hartford",1,"First Round"
"397",2021,"Grand Canyon",1,"First Round"
"398",2021,"Cleveland St.",1,"First Round"
"399",2021,"Oral Roberts",3,"Sweet Sixteen"
"400",2021,"Iona",1,"First Round"
"401",2021,"Texas Southern",1,"First Round"
"402",2021,"Ohio",2,"Second Round"
"403",2021,"Eastern Washington",1,"First Round"
"404",2021,"Abilene Christian",2,"Second Round"
"405",2021,"UNC Greensboro",1,"First Round"
"406",2021,"Morehead St.",1,"First Round"
"407",2021,"UNC",1,"First Round"
"408",2021,"North Texas",2,"Second Round"
"409",2021,"Utah St.",1,"First Round"
"410",2021,"UC Santa Barbara",1,"First Round"
"411",2021,"Colgate",1,"First Round"
"412",2021,"Georgetown",1,"First Round"
"413",2021,"Drake",1,"First Round"
"414",2021,"Oregon St.",4,"Elite Eight"
"415",2021,"Syracuse",3,"Sweet Sixteen"
"416",2021,"Maryland",2,"Second Round"
"417",2021,"St. Bonaventure",1,"First Round"
"418",2021,"Liberty",1,"First Round"
"419",2021,"Winthrop",1,"First Round"
"420",2021,"Georgia Tech",1,"First Round"
"421",2021,"VCU",1,"First Round"
"422",2021,"Clemson",1,"First Round"
"423",2021,"Virginia Tech",1,"First Round"
"424",2021,"Oklahoma",2,"Second Round"
"425",2019,"North Dakota St.",1,"First Round"
"426",2019,"Gardner-Webb",1,"First Round"
"427",2019,"FDU",1,"First Round"
"428",2019,"Iona",1,"First Round"
"429",2019,"Bradley",1,"First Round"
"430",2019,"Abilene Christian",1,"First Round"
"431",2019,"Colgate",1,"First Round"
"432",2019,"Montana",1,"First Round"
"433",2019,"Northern Kentucky",1,"First Round"
"434",2019,"Old Dominion",1,"First Round"
"435",2019,"St. Louis",1,"First Round"
"436",2019,"New Mexico St.",1,"First Round"
"437",2019,"Georgia St.",1,"First Round"
"438",2019,"Vermont",1,"First Round"
"439",2019,"Northeastern",1,"First Round"
"440",2019,"Ohio State",2,"Second Round"
"441",2019,"Saint Mary's",1,"First Round"
"442",2019,"UC Irvine",1,"First Round"
"443",2019,"Yale",1,"First Round"
"444",2019,"Iowa",2,"Second Round"
"445",2019,"Minnesota",2,"Second Round"
"446",2019,"Florida",2,"Second Round"
"447",2019,"Belmont",1,"First Round"
"448",2019,"Arizona St.",1,"First Round"
"449",2019,"Liberty",2,"Second Round"
"450",2019,"Murray St.",2,"Second Round"
"451",2019,"Seton Hall",1,"First Round"
"452",2019,"Baylor",2,"Second Round"
"453",2019,"Ole Miss",1,"First Round"
"454",2019,"Washington",2,"Second Round"
"455",2019,"UCF",2,"Second Round"
"456",2019,"UC-Irvine",2,"Second Round"
"457",2018,"Rafford",1,"First Round"
"458",2018,"UMBC",2,"Second Round"
"459",2018,"Iona",1,"First Round"
"460",2018,"Penn",1,"First Round"
"461",2018,"Bucknell",1,"First Round"
"462",2018,"Georgia St.",1,"First Round"
"463",2018,"CSU-Full.",1,"First Round"
"464",2018,"Lipscomb",1,"First Round"
"465",2018,"UNC Greensboro",1,"First Round"
"466",2018,"Texas Southern",1,"First Round"
"467",2018,"Montana",1,"First Round"
"468",2018,"Davidson",1,"First Round"
"469",2018,"Wright State",1,"First Round"
"470",2018,"Murray St.",1,"First Round"
"471",2018,"Marshall",2,"Second Round"
"472",2018,"Buffalo",2,"Second Round"
"473",2018,"SDSU",1,"First Round"
"474",2018,"SF Austin",1,"First Round"
"475",2018,"St. Bonaventure",1,"First Round"
"476",2018,"South Dakota St.",1,"First Round"
"477",2018,"Syracuse",3,"Sweet Sixteen"
"478",2018,"NC State",1,"First Round"
"479",2018,"Charleston",1,"First Round"
"480",2018,"Arkansas",1,"First Round"
"481",2018,"New Mexico St.",1,"First Round"
"482",2018,"Providence",1,"First Round"
"483",2018,"Loyola Chicago",5,"Final Four"
"484",2018,"Missouri",1,"First Round"
"485",2018,"Alabama",2,"Second Round"
"486",2018,"Oklahoma",1,"First Round"
"487",2017,"M. St. Mary's",1,"First Round"
"488",2017,"South Dakota St.",1,"First Round"
"489",2017,"UC-Davis",1,"First Round"
"490",2017,"Northern Kentucky",1,"First Round"
"491",2017,"Texas Southern",1,"First Round"
"492",2017,"Troy",1,"First Round"
"493",2017,"Jacksonville State",1,"First Round"
"494",2017,"North Dakota",1,"First Round"
"495",2017,"Bucknell",1,"First Round"
"496",2017,"UNC-Wilmington",1,"First Round"
"497",2017,"Kent St.",1,"First Round"
"498",2017,"VCU",1,"First Round"
"499",2017,"Vermont",1,"First Round"
"500",2017,"Dayton",1,"First Round"
"501",2017,"USC",2,"Second Round"
"502",2017,"Nevada",1,"First Round"
"503",2017,"New Mexico St.",1,"First Round"
"504",2017,"Iona",1,"First Round"
"505",2017,"Winthrop",1,"First Round"
"506",2017,"East Tennessee St.",1,"First Round"
"507",2017,"FGCU",1,"First Round"
"508",2017,"Kansas State",1,"First Round"
"509",2017,"Virginia Tech",1,"First Round"
"510",2017,"Okla. State",1,"First Round"
"511",2017,"Princeton",1,"First Round"
"512",2017,"Rhode Island",2,"Second Round"
"513",2017,"Michigan St.",2,"Second Round"
"514",2017,"Seton Hall",1,"First Round"
"515",2017,"Northwestern",2,"Second Round"
"516",2017,"Marquette",1,"First Round"
"517",2017,"Xavier",4,"Elite Eight"
"518",2017,"Middle Tennessee",2,"Second Round"
"519",2016,"Austin Peay",1,"First Round"
"520",2016,"FGCU",1,"First Round"
"521",2016,"Hampton",1,"First Round"
"522",2016,"Holy Cross",1,"First Round"
"523",2016,"UNC Asheville",1,"First Round"
"524",2016,"CSU Bakers",1,"First Round"
"525",2016,"Middle Tennessee",2,"Second Round"
"526",2016,"Weber State",1,"First Round"
"527",2016,"Stony Brook",1,"First Round"
"528",2016,"Green Bay",1,"First Round"
"529",2016,"Chattanooga",1,"First Round"
"530",2016,"Fresno State",1,"First Round"
"531",2016,"Buffalo",1,"First Round"
"532",2016,"SF Austin",2,"Second Round"
"533",2016,"UNC-Wilmington",1,"First Round"
"534",2016,"Arkansas Little Rock",2,"Second Round"
"535",2016,"Iona",1,"First Round"
"536",2016,"Hawaii",2,"Second Round"
"537",2016,"South Dakota St.",1,"First Round"
"538",2016,"Oregon St.",1,"First Round"
"539",2016,"Temple",1,"First Round"
"540",2016,"Northern Iowa",2,"Second Round"
"541",2016,"Texas Tech",1,"First Round"
"542",2016,"Michigan",1,"First Round"
"543",2016,"Colorado",1,"First Round"
"544",2016,"Pittsburgh",1,"First Round"
"545",2016,"USC",1,"First Round"
"546",2016,"Yale",2,"Second Round"
"547",2016,"St. Joseph's",2,"Second Round"
"548",2016,"Seton Hall",1,"First Round"
"549",2016,"Arizona",1,"First Round"
"550",2015,"Hampton",1,"First Round"
"551",2015,"Lafayette",1,"First Round"
"552",2015,"Coastal Carolina",1,"First Round"
"553",2015,"Texas Southern",1,"First Round"
"554",2015,"Belmont",1,"First Round"
"555",2015,"Robert Morris",1,"First Round"
"556",2015,"North Dakota St.",1,"First Round"
"557",2015,"UAB",2,"Second Round"
"558",2015,"New Mexico St.",1,"First Round"
"559",2015,"Northeastern",1,"First Round"
"560",2015,"SF Austin",1,"First Round"
"561",2015,"Harvard",1,"First Round"
"562",2015,"U Albany",1,"First Round"
"563",2015,"Georgia",1,"First Round"
"564",2015,"Indiana",1,"First Round"
"565",2015,"UC Irvine",1,"First Round"
"566",2015,"Georgia St.",2,"Second Round"
"567",2015,"VCU",1,"First Round"
"568",2015,"Wyoming",1,"First Round"
"569",2015,"Buffalo",1,"First Round"
"570",2015,"Butler",2,"Second Round"
"571",2015,"Eastern Washington",1,"First Round"
"572",2015,"Valparaiso",1,"First Round"
"573",2015,"Davidson",1,"First Round"
"574",2015,"Wofford",1,"First Round"
"575",2015,"Dayton",2,"Second Round"
"576",2015,"LSU",1,"First Round"
"577",2015,"Ole Miss",1,"First Round"
"578",2015,"Purdue",1,"First Round"
"579",2015,"St. John's",1,"First Round"
"580",2015,"Oregon",2,"Second Round"
"581",2014,"Manhattan",1,"First Round"
"582",2014,"U Albany",1,"First Round"
"583",2014,"Weber State",1,"First Round"
"584",2014,"Eastern Kentucky",1,"First Round"
"585",2014,"Coastal Carolina",1,"First Round"
"586",2014,"Delaware",1,"First Round"
"587",2014,"Mercer",2,"Second Round"
"588",2014,"Cal Poly",1,"First Round"
"589",2014,"Milwaukee",1,"First Round"
"590",2014,"American",1,"First Round"
"591",2014,"Wofford",1,"First Round"
"592",2014,"Louisiana",1,"First Round"
"593",2014,"Kansas State",1,"First Round"
"594",2014,"Tulsa",1,"First Round"
"595",2014,"Western Michigan",1,"First Round"
"596",2014,"NC Central",1,"First Round"
"597",2014,"Gonzaga",2,"Second Round"
"598",2014,"Providence",1,"First Round"
"599",2014,"Nebraska",1,"First Round"
"600",2014,"SF Austin",2,"Second Round"
"601",2014,"New Mexico St.",1,"First Round"
"602",2014,"St. Joseph's",1,"First Round"
"603",2014,"Stanford",3,"Sweet Sixteen"
"604",2014,"North Dakota St.",2,"Second Round"
"605",2014,"Colorado",1,"First Round"
"606",2014,"Harvard",2,"Second Round"
"607",2014,"BYU",1,"First Round"
"608",2014,"George Washington",1,"First Round"
"609",2014,"NC State",1,"First Round"
"610",2014,"Arizona St.",1,"First Round"
"611",2014,"UMASS",1,"First Round"
"612",2013,"North Carolina A&T",1,"First Round"
"613",2013,"U Albany",1,"First Round"
"614",2013,"Valparaiso",1,"First Round"
"615",2013,"New Mexico St.",1,"First Round"
"616",2013,"Oregon",3,"Sweet Sixteen"
"617",2013,"St. Mary's",1,"First Round"
"618",2013,"Cincinnati",1,"First Round"
"619",2013,"Colorado St.",2,"Second Round"
"620",2013,"Southern",1,"First Round"
"621",2013,"Iona",1,"First Round"
"622",2013,"Harvard",2,"Second Round"
"623",2013,"La Salle",3,"Sweet Sixteen"
"624",2013,"Belmont",1,"First Round"
"625",2013,"Iowa State",2,"Second Round"
"626",2013,"James Madison",1,"First Round"
"627",2013,"Pacific",1,"First Round"
"628",2013,"Davidson",1,"First Round"
"629",2013,"Montana",1,"First Round"
"630",2013,"California",2,"Second Round"
"631",2013,"Bucknell",1,"First Round"
"632",2013,"Colorado",1,"First Round"
"633",2013,"Temple",2,"Second Round"
"634",2013,"Western Kentucky",1,"First Round"
"635",2013,"FGCU",3,"Sweet Sixteen"
"636",2013,"Northwestern State",1,"First Round"
"637",2013,"South Dakota St.",1,"First Round"
"638",2013,"Akron",1,"First Round"
"639",2013,"Minnesota",2,"Second Round"
"640",2013,"Oklahoma",1,"First Round"
"641",2013,"Villanova",1,"First Round"
